﻿<metadata>
  <id>ImpromptuInterface.MVVM</id>
  <version>4.0.13</version>
  <authors>Jay Tuley</authors>
  <owners>Jay Tuley</owners>
  <description>A Lightweight Dynamic MVVM View Model(.net4 &amp; silverlight4 &amp; silverlight5). 
  Removes boilerplate code for MVVM, makes it practical to use MVVM in all size apps. 
  IOC supported using NInject, TinyIOC, Unity or MEF.</description>
  <projectUrl>http://code.google.com/p/impromptu-interface/</projectUrl>
  <licenseUrl>http://www.apache.org/licenses/LICENSE-2.0</licenseUrl>
  <iconUrl>http://impromptu-interface.googlecode.com/files/ImpromptuInterface.MVVM-Icon.png</iconUrl>
  <tags>MVVM dynamic .net40 Silverlight wpf impromptu interface unity mef ninject tinyioc</tags>
  <language>en-US</language>
  <frameworkAssemblies>
    <frameworkAssembly assemblyName="Microsoft.CSharp" />
  </frameworkAssemblies>
  <dependencies>
    <dependency id="ImpromptuInterface" version="6.2.2" />
  </dependencies>
</metadata>